{"success":true,"result":{"yearlyData":[{"year":2022,"total":697.3299999999999,"smoothed":697.3299999999999},{"year":2023,"total":4498.849999999999,"smoothed":1837.7859999999996},{"year":2024,"total":6123.93,"smoothed":3123.6291999999994},{"year":2025,"total":1468.94,"smoothed":2627.2224399999996}],"prediction":2627,"alpha":0.3,"algorithm":"exponential","algorithmName":"指数平滑（时间序列）"}}