{"success":true,"result":{"yearlyData":[{"year":2022,"total":1393.7},{"year":2023,"total":2770.4},{"year":2024,"total":2678.7},{"year":2025,"total":2603.4}],"slope":353.7399999991059,"intercept":-713431.3399981908,"prediction":3246,"r2":0.4953887910447582,"algorithm":"linear","algorithmName":"线性回归"}}