{"success":true,"result":{"yearlyData":[{"year":2022,"total":5161},{"year":2023,"total":11778},{"year":2024,"total":10758.2}],"slope":2798.5999999940395,"intercept":-5652335.399987943,"prediction":14830,"r2":0.6170836186826454,"algorithm":"linear","algorithmName":"线性回归"}}