{"success":true,"result":{"yearlyData":[{"year":2022,"total":16.180600000000002,"smoothed":16.180600000000002},{"year":2023,"total":104.63699999999999,"smoothed":42.71751999999999},{"year":2024,"total":85.36699999999999,"smoothed":55.51236399999999}],"prediction":56,"alpha":0.3,"algorithm":"exponential","algorithmName":"指数平滑（时间序列）"}}