{"success":true,"result":{"yearlyData":[{"year":2023,"total":753.4100000000001},{"year":2024,"total":766.91}],"slope":13.499999999068677,"intercept":-26557.08999811547,"prediction":780,"r2":1,"algorithm":"linear","algorithmName":"线性回归"}}