{"success":true,"result":{"yearlyData":[{"year":2023,"total":292990,"smoothed":292990},{"year":2024,"total":485476,"smoothed":350735.8},{"year":2025,"total":95410.70000000001,"smoothed":274138.26999999996}],"prediction":274138,"alpha":0.3,"algorithm":"exponential","algorithmName":"指数平滑（时间序列）"}}