{"success":true,"result":{"yearlyData":[{"year":2023,"total":90.349,"smoothed":90.349},{"year":2024,"total":90.85759999999999,"smoothed":90.50157999999999},{"year":2025,"total":80.2,"smoothed":87.41110599999999}],"prediction":87,"alpha":0.3,"algorithm":"exponential","algorithmName":"指数平滑（时间序列）"}}